{
  "hash": "d6f9103a",
  "configHash": "40e62986",
  "lockfileHash": "162a3e44",
  "browserHash": "4d9885ad",
  "optimized": {
    "@angular/common": {
      "src": "../../../../../../node_modules/@angular/common/fesm2022/common.mjs",
      "file": "@angular_common.js",
      "fileHash": "f26d9848",
      "needsInterop": false
    },
    "@angular/common/http": {
      "src": "../../../../../../node_modules/@angular/common/fesm2022/http.mjs",
      "file": "@angular_common_http.js",
      "fileHash": "424f3d2a",
      "needsInterop": false
    },
    "@angular/core": {
      "src": "../../../../../../node_modules/@angular/core/fesm2022/core.mjs",
      "file": "@angular_core.js",
      "fileHash": "64fb1d4a",
      "needsInterop": false
    },
    "@angular/core/rxjs-interop": {
      "src": "../../../../../../node_modules/@angular/core/fesm2022/rxjs-interop.mjs",
      "file": "@angular_core_rxjs-interop.js",
      "fileHash": "7336e7c2",
      "needsInterop": false
    },
    "@angular/flex-layout": {
      "src": "../../../../../../node_modules/@angular/flex-layout/fesm2015/angular-flex-layout.mjs",
      "file": "@angular_flex-layout.js",
      "fileHash": "a130fa6d",
      "needsInterop": false
    },
    "@angular/forms": {
      "src": "../../../../../../node_modules/@angular/forms/fesm2022/forms.mjs",
      "file": "@angular_forms.js",
      "fileHash": "50ab1748",
      "needsInterop": false
    },
    "@angular/material/button": {
      "src": "../../../../../../node_modules/@angular/material/fesm2022/button.mjs",
      "file": "@angular_material_button.js",
      "fileHash": "3adcd30f",
      "needsInterop": false
    },
    "@angular/material/card": {
      "src": "../../../../../../node_modules/@angular/material/fesm2022/card.mjs",
      "file": "@angular_material_card.js",
      "fileHash": "446245aa",
      "needsInterop": false
    },
    "@angular/material/form-field": {
      "src": "../../../../../../node_modules/@angular/material/fesm2022/form-field.mjs",
      "file": "@angular_material_form-field.js",
      "fileHash": "54bc0494",
      "needsInterop": false
    },
    "@angular/material/icon": {
      "src": "../../../../../../node_modules/@angular/material/fesm2022/icon.mjs",
      "file": "@angular_material_icon.js",
      "fileHash": "7640d51b",
      "needsInterop": false
    },
    "@angular/material/input": {
      "src": "../../../../../../node_modules/@angular/material/fesm2022/input.mjs",
      "file": "@angular_material_input.js",
      "fileHash": "a7398171",
      "needsInterop": false
    },
    "@angular/material/list": {
      "src": "../../../../../../node_modules/@angular/material/fesm2022/list.mjs",
      "file": "@angular_material_list.js",
      "fileHash": "76b41331",
      "needsInterop": false
    },
    "@angular/material/menu": {
      "src": "../../../../../../node_modules/@angular/material/fesm2022/menu.mjs",
      "file": "@angular_material_menu.js",
      "fileHash": "36c18493",
      "needsInterop": false
    },
    "@angular/material/sidenav": {
      "src": "../../../../../../node_modules/@angular/material/fesm2022/sidenav.mjs",
      "file": "@angular_material_sidenav.js",
      "fileHash": "b01f71c1",
      "needsInterop": false
    },
    "@angular/material/toolbar": {
      "src": "../../../../../../node_modules/@angular/material/fesm2022/toolbar.mjs",
      "file": "@angular_material_toolbar.js",
      "fileHash": "50a09047",
      "needsInterop": false
    },
    "@angular/platform-browser": {
      "src": "../../../../../../node_modules/@angular/platform-browser/fesm2022/platform-browser.mjs",
      "file": "@angular_platform-browser.js",
      "fileHash": "06586450",
      "needsInterop": false
    },
    "@angular/platform-browser/animations/async": {
      "src": "../../../../../../node_modules/@angular/platform-browser/fesm2022/animations/async.mjs",
      "file": "@angular_platform-browser_animations_async.js",
      "fileHash": "2a09702c",
      "needsInterop": false
    },
    "@angular/platform-server": {
      "src": "../../../../../../node_modules/@angular/platform-server/fesm2022/platform-server.mjs",
      "file": "@angular_platform-server.js",
      "fileHash": "5bf1fd0e",
      "needsInterop": false
    },
    "@angular/router": {
      "src": "../../../../../../node_modules/@angular/router/fesm2022/router.mjs",
      "file": "@angular_router.js",
      "fileHash": "79db700a",
      "needsInterop": false
    },
    "rxjs": {
      "src": "../../../../../../node_modules/rxjs/dist/cjs/index.js",
      "file": "rxjs.js",
      "fileHash": "c1662260",
      "needsInterop": true
    }
  },
  "chunks": {
    "browser-KLBMDVQG": {
      "file": "browser-KLBMDVQG.js"
    },
    "chunk-7DUKWV4N": {
      "file": "chunk-7DUKWV4N.js"
    },
    "xhr2-ISERFGGE": {
      "file": "xhr2-ISERFGGE.js"
    },
    "chunk-NCPWIOEM": {
      "file": "chunk-NCPWIOEM.js"
    },
    "chunk-XAILVDJR": {
      "file": "chunk-XAILVDJR.js"
    },
    "chunk-RLSUBPAB": {
      "file": "chunk-RLSUBPAB.js"
    },
    "chunk-YFLTVB3D": {
      "file": "chunk-YFLTVB3D.js"
    },
    "chunk-HLC7MKY7": {
      "file": "chunk-HLC7MKY7.js"
    },
    "chunk-TZ4YKOUO": {
      "file": "chunk-TZ4YKOUO.js"
    },
    "chunk-YLJK5IOE": {
      "file": "chunk-YLJK5IOE.js"
    },
    "chunk-5Q3UZ54W": {
      "file": "chunk-5Q3UZ54W.js"
    },
    "chunk-KURUNOGW": {
      "file": "chunk-KURUNOGW.js"
    },
    "chunk-ITIQWHYB": {
      "file": "chunk-ITIQWHYB.js"
    },
    "chunk-FEIQCWPU": {
      "file": "chunk-FEIQCWPU.js"
    },
    "chunk-2H3L6IVL": {
      "file": "chunk-2H3L6IVL.js"
    },
    "chunk-NQ4HTGF6": {
      "file": "chunk-NQ4HTGF6.js"
    }
  }
}