{
  "hash": "a865bba2",
  "configHash": "497ceff1",
  "lockfileHash": "162a3e44",
  "browserHash": "be41bdf5",
  "optimized": {
    "@angular/common": {
      "src": "../../../../../../node_modules/@angular/common/fesm2022/common.mjs",
      "file": "@angular_common.js",
      "fileHash": "f9ea94fb",
      "needsInterop": false
    },
    "@angular/common/http": {
      "src": "../../../../../../node_modules/@angular/common/fesm2022/http.mjs",
      "file": "@angular_common_http.js",
      "fileHash": "2749c893",
      "needsInterop": false
    },
    "@angular/core": {
      "src": "../../../../../../node_modules/@angular/core/fesm2022/core.mjs",
      "file": "@angular_core.js",
      "fileHash": "321872f3",
      "needsInterop": false
    },
    "@angular/core/rxjs-interop": {
      "src": "../../../../../../node_modules/@angular/core/fesm2022/rxjs-interop.mjs",
      "file": "@angular_core_rxjs-interop.js",
      "fileHash": "9e891bbb",
      "needsInterop": false
    },
    "@angular/flex-layout": {
      "src": "../../../../../../node_modules/@angular/flex-layout/fesm2020/angular-flex-layout.mjs",
      "file": "@angular_flex-layout.js",
      "fileHash": "9ef63f4f",
      "needsInterop": false
    },
    "@angular/forms": {
      "src": "../../../../../../node_modules/@angular/forms/fesm2022/forms.mjs",
      "file": "@angular_forms.js",
      "fileHash": "aa9dae0f",
      "needsInterop": false
    },
    "@angular/material/button": {
      "src": "../../../../../../node_modules/@angular/material/fesm2022/button.mjs",
      "file": "@angular_material_button.js",
      "fileHash": "4a53c5f0",
      "needsInterop": false
    },
    "@angular/material/card": {
      "src": "../../../../../../node_modules/@angular/material/fesm2022/card.mjs",
      "file": "@angular_material_card.js",
      "fileHash": "90d9fdb4",
      "needsInterop": false
    },
    "@angular/material/form-field": {
      "src": "../../../../../../node_modules/@angular/material/fesm2022/form-field.mjs",
      "file": "@angular_material_form-field.js",
      "fileHash": "e30c3005",
      "needsInterop": false
    },
    "@angular/material/icon": {
      "src": "../../../../../../node_modules/@angular/material/fesm2022/icon.mjs",
      "file": "@angular_material_icon.js",
      "fileHash": "8acc191a",
      "needsInterop": false
    },
    "@angular/material/input": {
      "src": "../../../../../../node_modules/@angular/material/fesm2022/input.mjs",
      "file": "@angular_material_input.js",
      "fileHash": "8dbbbd45",
      "needsInterop": false
    },
    "@angular/material/list": {
      "src": "../../../../../../node_modules/@angular/material/fesm2022/list.mjs",
      "file": "@angular_material_list.js",
      "fileHash": "314562ca",
      "needsInterop": false
    },
    "@angular/material/menu": {
      "src": "../../../../../../node_modules/@angular/material/fesm2022/menu.mjs",
      "file": "@angular_material_menu.js",
      "fileHash": "b3434bf4",
      "needsInterop": false
    },
    "@angular/material/sidenav": {
      "src": "../../../../../../node_modules/@angular/material/fesm2022/sidenav.mjs",
      "file": "@angular_material_sidenav.js",
      "fileHash": "e3c90ee6",
      "needsInterop": false
    },
    "@angular/material/toolbar": {
      "src": "../../../../../../node_modules/@angular/material/fesm2022/toolbar.mjs",
      "file": "@angular_material_toolbar.js",
      "fileHash": "be84a9e1",
      "needsInterop": false
    },
    "@angular/platform-browser": {
      "src": "../../../../../../node_modules/@angular/platform-browser/fesm2022/platform-browser.mjs",
      "file": "@angular_platform-browser.js",
      "fileHash": "2a7cc049",
      "needsInterop": false
    },
    "@angular/platform-browser/animations/async": {
      "src": "../../../../../../node_modules/@angular/platform-browser/fesm2022/animations/async.mjs",
      "file": "@angular_platform-browser_animations_async.js",
      "fileHash": "2c97d667",
      "needsInterop": false
    },
    "@angular/router": {
      "src": "../../../../../../node_modules/@angular/router/fesm2022/router.mjs",
      "file": "@angular_router.js",
      "fileHash": "2ac072a4",
      "needsInterop": false
    },
    "rxjs": {
      "src": "../../../../../../node_modules/rxjs/dist/esm5/index.js",
      "file": "rxjs.js",
      "fileHash": "0e954190",
      "needsInterop": false
    }
  },
  "chunks": {
    "browser-R2FZPJQ6": {
      "file": "browser-R2FZPJQ6.js"
    },
    "chunk-YM2LNQC4": {
      "file": "chunk-YM2LNQC4.js"
    },
    "chunk-ZUO26GAV": {
      "file": "chunk-ZUO26GAV.js"
    },
    "chunk-5WW6DPCZ": {
      "file": "chunk-5WW6DPCZ.js"
    },
    "chunk-IVAOQJFK": {
      "file": "chunk-IVAOQJFK.js"
    },
    "chunk-YJNDXX6A": {
      "file": "chunk-YJNDXX6A.js"
    },
    "chunk-NN4VVKZP": {
      "file": "chunk-NN4VVKZP.js"
    },
    "chunk-HGGNA3LN": {
      "file": "chunk-HGGNA3LN.js"
    },
    "chunk-42TOVXGG": {
      "file": "chunk-42TOVXGG.js"
    },
    "chunk-CLOBMWV4": {
      "file": "chunk-CLOBMWV4.js"
    },
    "chunk-ZBJEPUJX": {
      "file": "chunk-ZBJEPUJX.js"
    },
    "chunk-2UBHIABL": {
      "file": "chunk-2UBHIABL.js"
    },
    "chunk-5TID76VL": {
      "file": "chunk-5TID76VL.js"
    }
  }
}